{"HR": {"mean": 83.5, "median": 83.5, "std": 17.259088968705452}, "O2Sat": {"mean": 98.0, "median": 98.0, "std": 2.9266148601896216}, "Temp": {"mean": 37.0, "median": 37.0, "std": 0.7640099252865872}, "SBP": {"mean": 121.0, "median": 121.0, "std": 23.2020273348403}, "MAP": {"mean": 80.0, "median": 80.0, "std": 16.312742840743624}, "DBP": {"mean": 62.0, "median": 62.0, "std": 13.93111158647196}, "Resp": {"mean": 18.0, "median": 18.0, "std": 5.091974254111548}, "EtCO2": {"mean": 33.0, "median": 33.0, "std": 7.989743253748511}, "BaseExcess": {"mean": 0.0, "median": 0.0, "std": 4.3199036463689655}, "HCO3": {"mean": 24.0, "median": 24.0, "std": 4.364484290996198}, "FiO2": {"mean": 0.5, "median": 0.5, "std": 15.430765985278917}, "pH": {"mean": 7.38, "median": 7.38, "std": 0.07449750918695619}, "PaCO2": {"mean": 40.0, "median": 40.0, "std": 9.13017565261896}, "SaO2": {"mean": 97.0, "median": 97.0, "std": 11.006898789823529}, "AST": {"mean": 41.0, "median": 41.0, "std": 868.5971013635852}, "BUN": {"mean": 17.0, "median": 17.0, "std": 20.10427642717532}, "Alkalinephos": {"mean": 73.0, "median": 73.0, "std": 110.1034578722738}, "Calcium": {"mean": 8.3, "median": 8.3, "std": 2.4462253905731313}, "Chloride": {"mean": 106.0, "median": 106.0, "std": 5.875922993161746}, "Creatinine": {"mean": 0.94, "median": 0.94, "std": 1.786007962303554}, "Bilirubin_direct": {"mean": 0.5, "median": 0.5, "std": 3.6122605382192767}, "Glucose": {"mean": 126.5, "median": 126.5, "std": 51.20025443342297}, "Lactate": {"mean": 1.83, "median": 1.83, "std": 2.5123486443471585}, "Magnesium": {"mean": 2.0, "median": 2.0, "std": 0.40038211935705464}, "Phosphate": {"mean": 3.3, "median": 3.3, "std": 1.4004859757545147}, "Potassium": {"mean": 4.1, "median": 4.1, "std": 0.6425672432208276}, "Bilirubin_total": {"mean": 0.9, "median": 0.9, "std": 4.173880323376348}, "TroponinI": {"mean": 0.29, "median": 0.29, "std": 25.429626279472558}, "Hct": {"mean": 30.3, "median": 30.3, "std": 5.4825068326432325}, "Hgb": {"mean": 10.3, "median": 10.3, "std": 1.9603530595253162}, "PTT": {"mean": 32.4, "median": 32.4, "std": 25.80703516951313}, "WBC": {"mean": 10.3, "median": 10.3, "std": 8.389984094512911}, "Fibrinogen": {"mean": 251.0, "median": 251.0, "std": 157.938355609531}, "Platelets": {"mean": 180.0, "median": 180.0, "std": 101.73221008028247}, "Age": {"mean": 64.0, "median": 64.0, "std": 16.314547751452245}}